<?xml version="1.0"?>
<pisosArtesanales>
<piso nombre="ejemplo01">
<R> 2 </R>
<C> 4 </C>
<F> 1 </F>
<S> 1 </S>
<patrones>
<patron codigo="cod11">
WBWBWWWB
</patron>
<patron codigo="cod12">
BWBWWWWW
</patron>
</patrones>
</piso>
<piso nombre="ejemplo02">
<R> 3 </R>
<C> 3 </C>
<F> 1 </F>
<S> 1 </S>
<patrones>
<patron codigo="cod21">
WBBBWBWWW
</patron>
<patron codigo="cod22">
WWWWBWWWB
</patron>
</patrones>
</piso>
<piso nombre="ejemplo03">
<R> 1 </R>
<C> 5 </C>
<F> 1000 </F>
<S> 1 </S>
<patrones>
<patron codigo="cod31">
WBBBB
</patron>
<patron codigo="cod32">
BBBWW
</patron>
</patrones>
</piso>
</pisosArtesanales>